Codon	RSCU
AAA	0.8182
AAC	1.1216
AAG	1.1818
AAT	0.8784
ACA	0.8431
ACC	1.2384
ACG	0.9586
ACT	0.9599
AGA	0.7486
AGC	0.81
AGG	0.7938
AGT	0.654
ATA	0.5579
ATC	1.5485
ATG	1.0
ATT	0.8936
CAA	1.1049
CAC	0.9613
CAG	0.8951
CAT	1.0387
CCA	1.0136
CCC	1.0632
CCG	0.6969
CCT	1.2262
CGA	1.1501
CGC	1.3297
CGG	0.7771
CGT	1.2006
CTA	0.5683
CTC	1.709
CTG	0.9133
CTT	1.2603
GAA	1.0414
GAC	0.9946
GAG	0.9586
GAT	1.0054
GCA	0.8272
GCC	1.1152
GCG	0.8115
GCT	1.2462
GGA	1.0095
GGC	1.1129
GGG	0.7267
GGT	1.1509
GTA	0.5129
GTC	1.5419
GTG	0.8108
GTT	1.1345
TAA	0.8678
TAC	1.1343
TAG	0.9464
TAT	0.8657
TCA	0.9906
TCC	1.2409
TCG	1.0851
TCT	1.2193
TGA	1.1857
TGC	1.0864
TGG	1.0
TGT	0.9136
TTA	0.4054
TTC	1.3013
TTG	1.1437
TTT	0.6987
